{
    "O": [
        [[ 0,  1], 1],
        [[ 0, -1], 1]
    ],
    "dt": 0.2,
    "ORIGIN": [0, 0],
    "W": 6,
    "H": 2,
    "QUERIES": [[[-2, -0.5, 0], [2, -0.5, 1.5707963267948966192313216916398]]],
    "MAX_SAMPLES": 8,
    "RESOLUTION": 0.1,
    "PROBABILITY_CONNECT_GOAL": 0.01,
    "K": 15,
    "MIN_TURNING_RADIUS": 0.5,
    "PHI_MAX": 1.5707963267948966192313216916398
}
